188,SRR3724633,CCHLGSLQPPCLILLPQSAEWHAPPRLTGF,IGH,2,"TRAV11,IGHV4",IGHD7,"TRAV11,IGHV4"
192,SRR3724633,CARGDYVDYW,IGH,2,"IGHV3/OR16,IGHV1/OR15,IGHV3/OR15",NA,IGHJ4
1602,SRR3724626,CARVRLKYGSGSYYYGMDVW,IGH,2,"IGHV1/OR15,IGHV1",NA,IGHJ6
1815,SRR3724626,CTTPGPPLSGLVVLFDRARSFGRDAHGAVREEGDPRLASQISRIN,IGH,2,"IGHV3,IGHV3/OR16",NA,IGHJ5
3277,SRR3088950,CARANYNLLAGRKTGLDYW,IGH,2,"IGHV1/OR15,IGHV1",NA,IGHJ4
3278,SRR3088950,CAKDIWAGGSNAYFDYW,IGH,2,"IGHV3,IGHV3/OR16",NA,IGHJ4
3279,SRR3088950,CATCGYSYGFPDAFDIW,IGH,2,"IGHV4/OR15,IGHV4",NA,"IGHJ4,IGHJ3"
3280,SRR3088950,CARAQGHYDFWSGYIQHNDYW,IGH,2,"IGHV1/OR15,IGHV1",NA,IGHJ4
3285,SRR3088950,CARTQWLVPGSYFDYW,IGH,2,"IGHV4/OR15,IGHV4",NA,IGHJ4
3286,SRR3088950,CARGQYFDYW,IGH,4,IGHV1,NA,IGHJ4
